date,title,slug,category,keyword
2026-05-08,"How to Remove LinkedIn Ads for Work",how-to-remove-linkedin-ads-for-work,ads,"remove LinkedIn ads"
2026-05-09,"Hide Liked Posts on LinkedIn: Guide",hide-liked-posts-on-linkedin-guide,reactions,"hide liked posts on LinkedIn"
2026-05-10,"Hide Shared Posts on LinkedIn Today",hide-shared-posts-on-linkedin-today,shares,"hide shared posts on LinkedIn"
2026-05-11,"Hide Suggested Posts on LinkedIn Now",hide-suggested-posts-on-linkedin-now,suggested,"hide suggested posts on LinkedIn"
2026-05-12,"LinkedIn Feed for Recruiters: Guide",linkedin-feed-for-recruiters-guide,persona,"LinkedIn feed for recruiters"
2026-05-13,"LinkTopics vs LinkedIn Premium 2026",linktopics-vs-linkedin-premium-2026,comparison,"LinkTopics vs LinkedIn Premium"
2026-05-14,"Clean LinkedIn Feed for Focus: Tips",clean-linkedin-feed-for-focus-tips,strategy,"clean LinkedIn feed"
2026-05-15,"How to Hide Promoted Posts on LinkedIn",how-to-hide-promoted-posts-on-linkedin,ads,"hide promoted posts on LinkedIn"
2026-05-16,"Hide Reacted Posts on LinkedIn Fast",hide-reacted-posts-on-linkedin-fast,reactions,"hide reacted posts on LinkedIn"
2026-05-17,"Hide Reshared Posts on LinkedIn Now",hide-reshared-posts-on-linkedin-now,shares,"hide reshared posts on LinkedIn"
2026-05-18,"Hide Recommended Posts on LinkedIn",hide-recommended-posts-on-linkedin,suggested,"hide recommended posts on LinkedIn"
2026-05-19,"LinkedIn Feed for Sales Teams: Tips",linkedin-feed-for-sales-teams-tips,persona,"LinkedIn feed for sales teams"
2026-05-20,"LinkTopics vs LinkedIn Ad Blockers",linktopics-vs-linkedin-ad-blockers,comparison,"LinkTopics vs LinkedIn ad blockers"
2026-05-21,"LinkedIn Feed for Productivity 2026",linkedin-feed-for-productivity-2026,strategy,"LinkedIn feed productivity"
2026-05-22,"Hide Sponsored Posts on LinkedIn Now",hide-sponsored-posts-on-linkedin-now,ads,"hide sponsored posts on LinkedIn"
2026-05-23,"Why LinkedIn Shows Loves This Today",why-linkedin-shows-loves-this-today,reactions,"why LinkedIn shows loves this posts"
2026-05-24,"Hide Reposted Posts on LinkedIn Now",hide-reposted-posts-on-linkedin-now,shares,"hide reposted posts on LinkedIn"
2026-05-25,"Why LinkedIn Suggests Posts at Work",why-linkedin-suggests-posts-at-work,suggested,"why LinkedIn suggests posts"
2026-05-26,"LinkedIn Feed for Marketers at Work",linkedin-feed-for-marketers-at-work,persona,"LinkedIn feed for marketers"
2026-05-27,"Feed Cleaner vs Manual Cleanup 2026",feed-cleaner-vs-manual-cleanup-2026,comparison,"feed cleaner vs manual cleanup"
2026-05-28,"LinkedIn Focus Mode Guide for Work",linkedin-focus-mode-guide-for-work,strategy,"LinkedIn focus mode"
2026-05-29,"Best LinkedIn Ad Blocker: Explained",best-linkedin-ad-blocker-explained,ads,"best LinkedIn ad blocker"
2026-05-30,"Hide Celebrates This on LinkedIn Now",hide-celebrates-this-on-linkedin-now,reactions,"hide celebrates this on LinkedIn"
2026-05-31,"Why LinkedIn Shows Reposts for Work",why-linkedin-shows-reposts-for-work,shares,"why LinkedIn shows reposts"
2026-06-01,"Why LinkedIn Recommends Posts Today",why-linkedin-recommends-posts-today,suggested,"why LinkedIn recommends posts"
2026-06-02,"LinkedIn Feed for Founders for Work",linkedin-feed-for-founders-for-work,persona,"LinkedIn feed for founders"
2026-06-03,"uBlock Origin for LinkedIn Compared",ublock-origin-for-linkedin-compared,comparison,"uBlock Origin for LinkedIn"
2026-06-04,"Stop LinkedIn Distractions for Work",stop-linkedin-distractions-for-work,strategy,"stop LinkedIn distractions"
2026-06-05,"Block Promoted Posts on LinkedIn Now",block-promoted-posts-on-linkedin-now,ads,"block promoted posts LinkedIn"
2026-06-06,"Hide Insightful Posts on LinkedIn",hide-insightful-posts-on-linkedin,reactions,"hide insightful posts on LinkedIn"
2026-06-07,"Why LinkedIn Shows Shared Posts Now",why-linkedin-shows-shared-posts-now,shares,"why LinkedIn shows shared posts"
2026-06-08,"Hide LinkedIn Recommended Content",hide-linkedin-recommended-content,suggested,"hide recommended content on LinkedIn"
2026-06-09,"LinkedIn Feed for Consultants: Tips",linkedin-feed-for-consultants-tips,persona,"LinkedIn feed for consultants"
2026-06-10,"AdBlock on LinkedIn Feed: Explained",adblock-on-linkedin-feed-explained,comparison,"AdBlock for LinkedIn"
2026-06-11,"What a LinkedIn Feed Cleaner Does",what-a-linkedin-feed-cleaner-does,strategy,"LinkedIn feed cleaner"
2026-06-12,"How to Remove LinkedIn Ads Ad Guide",how-to-remove-linkedin-ads-ad-guide,ads,"remove LinkedIn ads"
2026-06-13,"Hide Supports This on LinkedIn Fast",hide-supports-this-on-linkedin-fast,reactions,"hide supports this on LinkedIn"
2026-06-14,"Hide Shared Posts on LinkedIn: Tips",hide-shared-posts-on-linkedin-tips,shares,"hide shared posts on LinkedIn"
2026-06-15,"Hide Suggested Posts on LinkedIn Fast",hide-suggested-posts-on-linkedin-fast,suggested,"hide suggested posts on LinkedIn"
2026-06-16,"LinkedIn Feed for Job Seekers: Tips",linkedin-feed-for-job-seekers-tips,persona,"LinkedIn feed for job seekers"
2026-06-17,"LinkedIn Settings vs Feed Cleaner",linkedin-settings-vs-feed-cleaner,comparison,"native LinkedIn settings vs feed cleaner"
2026-06-18,"LinkedIn Chrome Extension Guide Now",linkedin-chrome-extension-guide-now,strategy,"LinkedIn chrome extension"
2026-06-19,"How to Hide Promoted Posts on LinkedIn Now",how-to-hide-promoted-posts-on-linkedin-now,ads,"hide promoted posts on LinkedIn"
2026-06-20,"Hide Likes This Posts on LinkedIn",hide-likes-this-posts-on-linkedin,reactions,"how to hide likes this posts on LinkedIn"
2026-06-21,"Hide Reshared Posts on LinkedIn Fast",hide-reshared-posts-on-linkedin-fast,shares,"hide reshared posts on LinkedIn"
2026-06-22,"Hide Recommended Posts on LinkedIn Now",hide-recommended-posts-on-linkedin-now,suggested,"hide recommended posts on LinkedIn"
2026-06-23,"LinkedIn Feed for HR Teams for Work",linkedin-feed-for-hr-teams-for-work,persona,"LinkedIn feed for HR teams"
2026-06-24,"LinkTopics vs LinkedIn Premium Today",linktopics-vs-linkedin-premium-today,comparison,"LinkTopics vs LinkedIn Premium"
2026-06-25,"Clean LinkedIn Feed for Focus Today",clean-linkedin-feed-for-focus-today,strategy,"clean LinkedIn feed"
2026-06-26,"Hide Sponsored Posts on LinkedIn Fast",hide-sponsored-posts-on-linkedin-fast,ads,"hide sponsored posts on LinkedIn"
2026-06-27,"Hide Liked Posts on LinkedIn: Setup",hide-liked-posts-on-linkedin-setup,reactions,"hide liked posts on LinkedIn"
2026-06-28,"Hide Reposted Posts on LinkedIn Fast",hide-reposted-posts-on-linkedin-fast,shares,"hide reposted posts on LinkedIn"
2026-06-29,"Why LinkedIn Suggests Posts: Guide",why-linkedin-suggests-posts-guide,suggested,"why LinkedIn suggests posts"
2026-06-30,"LinkedIn Feed for Recruiters at Work",linkedin-feed-for-recruiters-at-work,persona,"LinkedIn feed for recruiters"
2026-07-01,"LinkTopics vs LinkedIn Ad Blockers Now",linktopics-vs-linkedin-ad-blockers-now,comparison,"LinkTopics vs LinkedIn ad blockers"
2026-07-02,"LinkedIn Feed for Productivity: Tips",linkedin-feed-for-productivity-tips,strategy,"LinkedIn feed productivity"
2026-07-03,"Best LinkedIn Ad Blocker Less Noise",best-linkedin-ad-blocker-less-noise,ads,"best LinkedIn ad blocker"
2026-07-04,"Hide Reacted Posts on LinkedIn 2026",hide-reacted-posts-on-linkedin-2026,reactions,"hide reacted posts on LinkedIn"
2026-07-05,"Why LinkedIn Shows Reposts on Chrome",why-linkedin-shows-reposts-on-chrome,shares,"why LinkedIn shows reposts"
2026-07-06,"Why LinkedIn Recommends Posts 2026",why-linkedin-recommends-posts-2026,suggested,"why LinkedIn recommends posts"
2026-07-07,"LinkedIn Feed for Sales Teams Today",linkedin-feed-for-sales-teams-today,persona,"LinkedIn feed for sales teams"
2026-07-08,"Feed Cleaner vs Manual Cleanup Today",feed-cleaner-vs-manual-cleanup-today,comparison,"feed cleaner vs manual cleanup"
2026-07-09,"LinkedIn Focus Mode Guide July 2026",linkedin-focus-mode-guide-july-2026,strategy,"LinkedIn focus mode"
2026-07-10,"Block Promoted Posts on LinkedIn Fast",block-promoted-posts-on-linkedin-fast,ads,"block promoted posts LinkedIn"
2026-07-11,"Why LinkedIn Shows Loves This 2026",why-linkedin-shows-loves-this-2026,reactions,"why LinkedIn shows loves this posts"
2026-07-12,"Why LinkedIn Shows Shared Posts 2026",why-linkedin-shows-shared-posts-2026,shares,"why LinkedIn shows shared posts"
2026-07-13,"Hide LinkedIn Recommended Content Now",hide-linkedin-recommended-content-now,suggested,"hide recommended content on LinkedIn"
2026-07-14,"LinkedIn Feed for Marketers for Work",linkedin-feed-for-marketers-for-work,persona,"LinkedIn feed for marketers"
2026-07-15,"uBlock Origin for LinkedIn: Review",ublock-origin-for-linkedin-review,comparison,"uBlock Origin for LinkedIn"
2026-07-16,"Stop LinkedIn Distractions at Work",stop-linkedin-distractions-at-work,strategy,"stop LinkedIn distractions"
2026-07-17,"How to Remove LinkedIn Ads on Chrome",how-to-remove-linkedin-ads-on-chrome,ads,"remove LinkedIn ads"
2026-07-18,"Hide Celebrates This on LinkedIn Fast",hide-celebrates-this-on-linkedin-fast,reactions,"hide celebrates this on LinkedIn"
2026-07-19,"Hide Shared Posts on LinkedIn Fast",hide-shared-posts-on-linkedin-fast,shares,"hide shared posts on LinkedIn"
2026-07-20,"Hide Suggested Posts on LinkedIn 2026",hide-suggested-posts-on-linkedin-2026,suggested,"hide suggested posts on LinkedIn"
2026-07-21,"LinkedIn Feed for Founders at Work",linkedin-feed-for-founders-at-work,persona,"LinkedIn feed for founders"
2026-07-22,"AdBlock on LinkedIn Feed: Checklist",adblock-on-linkedin-feed-checklist,comparison,"AdBlock for LinkedIn"
2026-07-23,"What a LinkedIn Feed Cleaner Does Now",what-a-linkedin-feed-cleaner-does-now,strategy,"LinkedIn feed cleaner"
2026-07-24,"How to Hide Promoted Posts on LinkedIn Fast",how-to-hide-promoted-posts-on-linkedin-fast,ads,"hide promoted posts on LinkedIn"
2026-07-25,"Hide Insightful Posts on LinkedIn Now",hide-insightful-posts-on-linkedin-now,reactions,"hide insightful posts on LinkedIn"
2026-07-26,"Hide Reshared Posts on LinkedIn 2026",hide-reshared-posts-on-linkedin-2026,shares,"hide reshared posts on LinkedIn"
2026-07-27,"Hide Recommended Posts on LinkedIn Fast",hide-recommended-posts-on-linkedin-fast,suggested,"hide recommended posts on LinkedIn"
2026-07-28,"LinkedIn Feed for Consultants Today",linkedin-feed-for-consultants-today,persona,"LinkedIn feed for consultants"
2026-07-29,"LinkedIn Settings vs Feed Cleaner Now",linkedin-settings-vs-feed-cleaner-now,comparison,"native LinkedIn settings vs feed cleaner"
2026-07-30,"LinkedIn Chrome Extension Guide 2026",linkedin-chrome-extension-guide-2026,strategy,"LinkedIn chrome extension"
2026-07-31,"Hide Sponsored Posts on LinkedIn 2026",hide-sponsored-posts-on-linkedin-2026,ads,"hide sponsored posts on LinkedIn"
2026-08-01,"Hide Supports This on LinkedIn 2026",hide-supports-this-on-linkedin-2026,reactions,"hide supports this on LinkedIn"
2026-08-02,"Hide Reposted Posts on LinkedIn 2026",hide-reposted-posts-on-linkedin-2026,shares,"hide reposted posts on LinkedIn"
2026-08-03,"Why LinkedIn Suggests Posts for Work",why-linkedin-suggests-posts-for-work,suggested,"why LinkedIn suggests posts"
2026-08-04,"LinkedIn Feed for Job Seekers Today",linkedin-feed-for-job-seekers-today,persona,"LinkedIn feed for job seekers"
2026-08-05,"LinkTopics vs LinkedIn Premium Now",linktopics-vs-linkedin-premium-now,comparison,"LinkTopics vs LinkedIn Premium"
2026-08-06,"Clean LinkedIn Feed for Focus 2026",clean-linkedin-feed-for-focus-2026,strategy,"clean LinkedIn feed"
2026-08-07,"Best LinkedIn Ad Blocker Quick Tips",best-linkedin-ad-blocker-quick-tips,ads,"best LinkedIn ad blocker"
2026-08-08,"Hide Likes This Posts on LinkedIn Now",hide-likes-this-posts-on-linkedin-now,reactions,"how to hide likes this posts on LinkedIn"
2026-08-09,"Why LinkedIn Shows Reposts at Work",why-linkedin-shows-reposts-at-work,shares,"why LinkedIn shows reposts"
2026-08-10,"Why LinkedIn Recommends Posts: Guide",why-linkedin-recommends-posts-guide,suggested,"why LinkedIn recommends posts"
2026-08-11,"LinkedIn Feed for HR Teams at Work",linkedin-feed-for-hr-teams-at-work,persona,"LinkedIn feed for HR teams"
2026-08-12,"LinkTopics vs LinkedIn Ad Blockers 2026",linktopics-vs-linkedin-ad-blockers-2026,comparison,"LinkTopics vs LinkedIn ad blockers"
2026-08-13,"LinkedIn Feed for Productivity Today",linkedin-feed-for-productivity-today,strategy,"LinkedIn feed productivity"
2026-08-14,"Block Promoted Posts on LinkedIn 2026",block-promoted-posts-on-linkedin-2026,ads,"block promoted posts LinkedIn"
2026-08-15,"Hide Liked Posts on LinkedIn Today",hide-liked-posts-on-linkedin-today,reactions,"hide liked posts on LinkedIn"
2026-08-16,"Why LinkedIn Shows Shared Posts Today",why-linkedin-shows-shared-posts-today,shares,"why LinkedIn shows shared posts"
2026-08-17,"Hide LinkedIn Recommended Content Fast",hide-linkedin-recommended-content-fast,suggested,"hide recommended content on LinkedIn"
2026-08-18,"LinkedIn Feed for Recruiters: Tips",linkedin-feed-for-recruiters-tips,persona,"LinkedIn feed for recruiters"
2026-08-19,"Feed Cleaner vs Manual Cleanup Now",feed-cleaner-vs-manual-cleanup-now,comparison,"feed cleaner vs manual cleanup"
2026-08-20,"LinkedIn Focus Mode Guide: Explained",linkedin-focus-mode-guide-explained,strategy,"LinkedIn focus mode"
2026-08-21,"How to Remove LinkedIn Ads Quick Fix",how-to-remove-linkedin-ads-quick-fix,ads,"remove LinkedIn ads"
2026-08-22,"Hide Reacted Posts on LinkedIn Today",hide-reacted-posts-on-linkedin-today,reactions,"hide reacted posts on LinkedIn"
2026-08-23,"Hide Shared Posts on LinkedIn 2026",hide-shared-posts-on-linkedin-2026,shares,"hide shared posts on LinkedIn"
2026-08-24,"Hide Suggested Posts on LinkedIn",hide-suggested-posts-on-linkedin,suggested,"hide suggested posts on LinkedIn"
2026-08-25,"LinkedIn Feed for Sales Teams 2026",linkedin-feed-for-sales-teams-2026,persona,"LinkedIn feed for sales teams"
2026-08-26,"uBlock Origin for LinkedIn on Chrome",ublock-origin-for-linkedin-on-chrome,comparison,"uBlock Origin for LinkedIn"
2026-08-27,"Stop LinkedIn Distractions: Guide",stop-linkedin-distractions-guide,strategy,"stop LinkedIn distractions"
2026-08-28,"How to Hide Promoted Posts on LinkedIn 2026",how-to-hide-promoted-posts-on-linkedin-2026,ads,"hide promoted posts on LinkedIn"
2026-08-29,"Why LinkedIn Shows Loves This: Guide",why-linkedin-shows-loves-this-guide,reactions,"why LinkedIn shows loves this posts"
2026-08-30,"Hide Reshared Posts on LinkedIn Today",hide-reshared-posts-on-linkedin-today,shares,"hide reshared posts on LinkedIn"
2026-08-31,"Hide Recommended Posts on LinkedIn 2026",hide-recommended-posts-on-linkedin-2026,suggested,"hide recommended posts on LinkedIn"
2026-09-01,"LinkedIn Feed for Marketers: Guide",linkedin-feed-for-marketers-guide,persona,"LinkedIn feed for marketers"
2026-09-02,"AdBlock on LinkedIn Feed on Chrome",adblock-on-linkedin-feed-on-chrome,comparison,"AdBlock for LinkedIn"
2026-09-03,"What a LinkedIn Feed Cleaner Does 2026",what-a-linkedin-feed-cleaner-does-2026,strategy,"LinkedIn feed cleaner"
2026-09-04,"Hide Sponsored Posts on LinkedIn",hide-sponsored-posts-on-linkedin,ads,"hide sponsored posts on LinkedIn"
2026-09-05,"Hide Celebrates This on LinkedIn 2026",hide-celebrates-this-on-linkedin-2026,reactions,"hide celebrates this on LinkedIn"
2026-09-06,"Hide Reposted Posts on LinkedIn Today",hide-reposted-posts-on-linkedin-today,shares,"hide reposted posts on LinkedIn"
2026-09-07,"Why LinkedIn Suggests Posts Today",why-linkedin-suggests-posts-today,suggested,"why LinkedIn suggests posts"
2026-09-08,"LinkedIn Feed for Founders: Playbook",linkedin-feed-for-founders-playbook,persona,"LinkedIn feed for founders"
2026-09-09,"LinkedIn Settings vs Feed Cleaner 2026",linkedin-settings-vs-feed-cleaner-2026,comparison,"native LinkedIn settings vs feed cleaner"
2026-09-10,"LinkedIn Chrome Extension Guide: Tips",linkedin-chrome-extension-guide-tips,strategy,"LinkedIn chrome extension"
2026-09-11,"Best LinkedIn Ad Blocker Work Guide",best-linkedin-ad-blocker-work-guide,ads,"best LinkedIn ad blocker"
2026-09-12,"Hide Insightful Posts on LinkedIn Fast",hide-insightful-posts-on-linkedin-fast,reactions,"hide insightful posts on LinkedIn"
2026-09-13,"Why LinkedIn Shows Reposts Quick Fix",why-linkedin-shows-reposts-quick-fix,shares,"why LinkedIn shows reposts"
2026-09-14,"Why LinkedIn Recommends Posts Now",why-linkedin-recommends-posts-now,suggested,"why LinkedIn recommends posts"
2026-09-15,"LinkedIn Feed for Consultants 2026",linkedin-feed-for-consultants-2026,persona,"LinkedIn feed for consultants"
2026-09-16,"LinkTopics vs LinkedIn Premium: Guide",linktopics-vs-linkedin-premium-guide,comparison,"LinkTopics vs LinkedIn Premium"
2026-09-17,"Clean LinkedIn Feed for Focus: Guide",clean-linkedin-feed-for-focus-guide,strategy,"clean LinkedIn feed"
2026-09-18,"Block Promoted Posts on LinkedIn",block-promoted-posts-on-linkedin,ads,"block promoted posts LinkedIn"
2026-09-19,"Hide Supports This on LinkedIn Today",hide-supports-this-on-linkedin-today,reactions,"hide supports this on LinkedIn"
2026-09-20,"Why LinkedIn Shows Shared Posts: Guide",why-linkedin-shows-shared-posts-guide,shares,"why LinkedIn shows shared posts"
2026-09-21,"Hide LinkedIn Recommended Content 2026",hide-linkedin-recommended-content-2026,suggested,"hide recommended content on LinkedIn"
2026-09-22,"LinkedIn Feed for Job Seekers 2026",linkedin-feed-for-job-seekers-2026,persona,"LinkedIn feed for job seekers"
2026-09-23,"LinkTopics vs LinkedIn Ad Blockers Today",linktopics-vs-linkedin-ad-blockers-today,comparison,"LinkTopics vs LinkedIn ad blockers"
2026-09-24,"LinkedIn Feed for Productivity Now",linkedin-feed-for-productivity-now,strategy,"LinkedIn feed productivity"
2026-09-25,"How to Remove LinkedIn Ads at Work",how-to-remove-linkedin-ads-at-work,ads,"remove LinkedIn ads"
2026-09-26,"Hide Likes This Posts on LinkedIn Fast",hide-likes-this-posts-on-linkedin-fast,reactions,"how to hide likes this posts on LinkedIn"
2026-09-27,"Hide Shared Posts on LinkedIn: Guide",hide-shared-posts-on-linkedin-guide,shares,"hide shared posts on LinkedIn"
2026-09-28,"Hide Suggested Posts on LinkedIn Today",hide-suggested-posts-on-linkedin-today,suggested,"hide suggested posts on LinkedIn"
2026-09-29,"LinkedIn Feed for HR Teams: Playbook",linkedin-feed-for-hr-teams-playbook,persona,"LinkedIn feed for HR teams"
2026-09-30,"Feed Cleaner vs Manual Cleanup: Guide",feed-cleaner-vs-manual-cleanup-guide,comparison,"feed cleaner vs manual cleanup"
2026-10-01,"LinkedIn Focus Mode Guide: Checklist",linkedin-focus-mode-guide-checklist,strategy,"LinkedIn focus mode"
2026-10-02,"How to Hide Promoted Posts on LinkedIn Today",how-to-hide-promoted-posts-on-linkedin-today,ads,"hide promoted posts on LinkedIn"
2026-10-03,"Hide Liked Posts on LinkedIn: Tips",hide-liked-posts-on-linkedin-tips,reactions,"hide liked posts on LinkedIn"
2026-10-04,"Hide Reshared Posts on LinkedIn: Tips",hide-reshared-posts-on-linkedin-tips,shares,"hide reshared posts on LinkedIn"
2026-10-05,"Hide Recommended Posts on LinkedIn Today",hide-recommended-posts-on-linkedin-today,suggested,"hide recommended posts on LinkedIn"
2026-10-06,"LinkedIn Feed for Recruiters Today",linkedin-feed-for-recruiters-today,persona,"LinkedIn feed for recruiters"
2026-10-07,"uBlock Origin for LinkedIn at Work",ublock-origin-for-linkedin-at-work,comparison,"uBlock Origin for LinkedIn"
2026-10-08,"Stop LinkedIn Distractions: Explained",stop-linkedin-distractions-explained,strategy,"stop LinkedIn distractions"
2026-10-09,"Hide Sponsored Posts on LinkedIn Today",hide-sponsored-posts-on-linkedin-today,ads,"hide sponsored posts on LinkedIn"
2026-10-10,"Hide Reacted Posts on LinkedIn Now",hide-reacted-posts-on-linkedin-now,reactions,"hide reacted posts on LinkedIn"
2026-10-11,"Hide Reposted Posts on LinkedIn: Tips",hide-reposted-posts-on-linkedin-tips,shares,"hide reposted posts on LinkedIn"
2026-10-12,"Why LinkedIn Suggests Posts on Chrome",why-linkedin-suggests-posts-on-chrome,suggested,"why LinkedIn suggests posts"
2026-10-13,"LinkedIn Feed for Sales Teams: Guide",linkedin-feed-for-sales-teams-guide,persona,"LinkedIn feed for sales teams"
2026-10-14,"AdBlock on LinkedIn Feed Compared",adblock-on-linkedin-feed-compared,comparison,"AdBlock for LinkedIn"
2026-10-15,"What a LinkedIn Feed Cleaner Does: Tips",what-a-linkedin-feed-cleaner-does-tips,strategy,"LinkedIn feed cleaner"
2026-10-16,"Best LinkedIn Ad Blocker on Chrome",best-linkedin-ad-blocker-on-chrome,ads,"best LinkedIn ad blocker"
2026-10-17,"Why LinkedIn Shows Loves This Now",why-linkedin-shows-loves-this-now,reactions,"why LinkedIn shows loves this posts"
2026-10-18,"Why LinkedIn Shows Reposts: Explained",why-linkedin-shows-reposts-explained,shares,"why LinkedIn shows reposts"
2026-10-19,"Why LinkedIn Recommends Posts at Work",why-linkedin-recommends-posts-at-work,suggested,"why LinkedIn recommends posts"
2026-10-20,"LinkedIn Feed for Marketers: Tips",linkedin-feed-for-marketers-tips,persona,"LinkedIn feed for marketers"
2026-10-21,"LinkedIn Settings vs Feed Cleaner Today",linkedin-settings-vs-feed-cleaner-today,comparison,"native LinkedIn settings vs feed cleaner"
2026-10-22,"LinkedIn Chrome Extension Guide Today",linkedin-chrome-extension-guide-today,strategy,"LinkedIn chrome extension"
2026-10-23,"Block Promoted Posts on LinkedIn Today",block-promoted-posts-on-linkedin-today,ads,"block promoted posts LinkedIn"
2026-10-24,"Hide Celebrates This on LinkedIn",hide-celebrates-this-on-linkedin,reactions,"hide celebrates this on LinkedIn"
2026-10-25,"Why LinkedIn Shows Shared Posts",why-linkedin-shows-shared-posts,shares,"why LinkedIn shows shared posts"
2026-10-26,"Hide LinkedIn Recommended Content Today",hide-linkedin-recommended-content-today,suggested,"hide recommended content on LinkedIn"
2026-10-27,"LinkedIn Feed for Founders: Guide",linkedin-feed-for-founders-guide,persona,"LinkedIn feed for founders"
2026-10-28,"LinkTopics vs LinkedIn Premium: Review",linktopics-vs-linkedin-premium-review,comparison,"LinkTopics vs LinkedIn Premium"
2026-10-29,"Clean LinkedIn Feed for Focus at Work",clean-linkedin-feed-for-focus-at-work,strategy,"clean LinkedIn feed"
2026-10-30,"How to Remove LinkedIn Ads Work Tips",how-to-remove-linkedin-ads-work-tips,ads,"remove LinkedIn ads"
2026-10-31,"Hide Insightful Posts on LinkedIn 2026",hide-insightful-posts-on-linkedin-2026,reactions,"hide insightful posts on LinkedIn"
2026-11-01,"Hide Shared Posts on LinkedIn: Setup",hide-shared-posts-on-linkedin-setup,shares,"hide shared posts on LinkedIn"
2026-11-02,"Hide Suggested Posts on LinkedIn: Tips",hide-suggested-posts-on-linkedin-tips,suggested,"hide suggested posts on LinkedIn"
2026-11-03,"LinkedIn Feed for Consultants: Guide",linkedin-feed-for-consultants-guide,persona,"LinkedIn feed for consultants"
2026-11-04,"LinkTopics vs LinkedIn Ad Blockers: Guide",linktopics-vs-linkedin-ad-blockers-guide,comparison,"LinkTopics vs LinkedIn ad blockers"
2026-11-05,"LinkedIn Feed for Productivity: Guide",linkedin-feed-for-productivity-guide,strategy,"LinkedIn feed productivity"
2026-11-06,"How to Hide Promoted Posts on LinkedIn: Tips",how-to-hide-promoted-posts-on-linkedin-tips,ads,"hide promoted posts on LinkedIn"
2026-11-07,"Hide Supports This on LinkedIn Now",hide-supports-this-on-linkedin-now,reactions,"hide supports this on LinkedIn"
2026-11-08,"Hide Reshared Posts on LinkedIn: Guide",hide-reshared-posts-on-linkedin-guide,shares,"hide reshared posts on LinkedIn"
2026-11-09,"Hide Recommended Posts on LinkedIn: Tips",hide-recommended-posts-on-linkedin-tips,suggested,"hide recommended posts on LinkedIn"
2026-11-10,"LinkedIn Feed for Job Seekers: Guide",linkedin-feed-for-job-seekers-guide,persona,"LinkedIn feed for job seekers"
2026-11-11,"Feed Cleaner vs Manual Cleanup: Review",feed-cleaner-vs-manual-cleanup-review,comparison,"feed cleaner vs manual cleanup"
2026-11-12,"LinkedIn Focus Mode Guide at Work",linkedin-focus-mode-guide-at-work,strategy,"LinkedIn focus mode"
2026-11-13,"Hide Sponsored Posts on LinkedIn: Tips",hide-sponsored-posts-on-linkedin-tips,ads,"hide sponsored posts on LinkedIn"
2026-11-14,"Hide Likes This Posts on LinkedIn 2026",hide-likes-this-posts-on-linkedin-2026,reactions,"how to hide likes this posts on LinkedIn"
2026-11-15,"Hide Reposted Posts on LinkedIn: Guide",hide-reposted-posts-on-linkedin-guide,shares,"hide reposted posts on LinkedIn"
2026-11-16,"Why LinkedIn Suggests Posts Quick Fix",why-linkedin-suggests-posts-quick-fix,suggested,"why LinkedIn suggests posts"
2026-11-17,"LinkedIn Feed for HR Teams: Guide",linkedin-feed-for-hr-teams-guide,persona,"LinkedIn feed for HR teams"
2026-11-18,"uBlock Origin for LinkedIn: Guide",ublock-origin-for-linkedin-guide,comparison,"uBlock Origin for LinkedIn"
2026-11-19,"Stop LinkedIn Distractions: Checklist",stop-linkedin-distractions-checklist,strategy,"stop LinkedIn distractions"
2026-11-20,"Best LinkedIn Ad Blocker Quick Fix",best-linkedin-ad-blocker-quick-fix,ads,"best LinkedIn ad blocker"
2026-11-21,"Hide Liked Posts on LinkedIn at Work",hide-liked-posts-on-linkedin-at-work,reactions,"hide liked posts on LinkedIn"
2026-11-22,"Why LinkedIn Shows Reposts: Guide",why-linkedin-shows-reposts-guide,shares,"why LinkedIn shows reposts"
2026-11-23,"Why LinkedIn Recommends Posts for Work",why-linkedin-recommends-posts-for-work,suggested,"why LinkedIn recommends posts"
2026-11-24,"LinkedIn Feed for Recruiters 2026",linkedin-feed-for-recruiters-2026,persona,"LinkedIn feed for recruiters"
2026-11-25,"AdBlock on LinkedIn Feed: Quick Guide",adblock-on-linkedin-feed-quick-guide,comparison,"AdBlock for LinkedIn"
2026-11-26,"What a LinkedIn Feed Cleaner Does Today",what-a-linkedin-feed-cleaner-does-today,strategy,"LinkedIn feed cleaner"
2026-11-27,"Block Promoted Posts on LinkedIn: Tips",block-promoted-posts-on-linkedin-tips,ads,"block promoted posts LinkedIn"
2026-11-28,"Hide Reacted Posts on LinkedIn: Tips",hide-reacted-posts-on-linkedin-tips,reactions,"hide reacted posts on LinkedIn"
2026-11-29,"Why LinkedIn Shows Shared Posts at Work",why-linkedin-shows-shared-posts-at-work,shares,"why LinkedIn shows shared posts"
2026-11-30,"Hide LinkedIn Recommended Content: Tips",hide-linkedin-recommended-content-tips,suggested,"hide recommended content on LinkedIn"
2026-12-01,"LinkedIn Feed for Sales Teams at Work",linkedin-feed-for-sales-teams-at-work,persona,"LinkedIn feed for sales teams"
2026-12-02,"LinkedIn Settings vs Feed Cleaner: Guide",linkedin-settings-vs-feed-cleaner-guide,comparison,"native LinkedIn settings vs feed cleaner"
2026-12-03,"LinkedIn Chrome Extension Guide: Guide",linkedin-chrome-extension-guide-guide,strategy,"LinkedIn chrome extension"
2026-12-04,"How to Remove LinkedIn Ads Feed Tips",how-to-remove-linkedin-ads-feed-tips,ads,"remove LinkedIn ads"
2026-12-05,"Why LinkedIn Shows Loves This at Work",why-linkedin-shows-loves-this-at-work,reactions,"why LinkedIn shows loves this posts"
2026-12-06,"Hide Shared Posts on LinkedIn Now",hide-shared-posts-on-linkedin-now,shares,"hide shared posts on LinkedIn"
2026-12-07,"Hide Suggested Posts on LinkedIn: Guide",hide-suggested-posts-on-linkedin-guide,suggested,"hide suggested posts on LinkedIn"
2026-12-08,"LinkedIn Feed for Marketers: Playbook",linkedin-feed-for-marketers-playbook,persona,"LinkedIn feed for marketers"
2026-12-09,"LinkTopics vs LinkedIn Premium at Work",linktopics-vs-linkedin-premium-at-work,comparison,"LinkTopics vs LinkedIn Premium"
2026-12-10,"Clean LinkedIn Feed for Focus Now",clean-linkedin-feed-for-focus-now,strategy,"clean LinkedIn feed"
2026-12-11,"How to Hide Promoted Posts on LinkedIn: Guide",how-to-hide-promoted-posts-on-linkedin-guide,ads,"hide promoted posts on LinkedIn"
2026-12-12,"Hide Celebrates This on LinkedIn Today",hide-celebrates-this-on-linkedin-today,reactions,"hide celebrates this on LinkedIn"
2026-12-13,"Hide Reshared Posts on LinkedIn: Setup",hide-reshared-posts-on-linkedin-setup,shares,"hide reshared posts on LinkedIn"
2026-12-14,"Hide Recommended Posts on LinkedIn: Guide",hide-recommended-posts-on-linkedin-guide,suggested,"hide recommended posts on LinkedIn"
2026-12-15,"LinkedIn Feed for Founders: Checklist",linkedin-feed-for-founders-checklist,persona,"LinkedIn feed for founders"
2026-12-16,"LinkTopics vs LinkedIn Ad Blockers: Review",linktopics-vs-linkedin-ad-blockers-review,comparison,"LinkTopics vs LinkedIn ad blockers"
2026-12-17,"LinkedIn Feed for Productivity at Work",linkedin-feed-for-productivity-at-work,strategy,"LinkedIn feed productivity"
2026-12-18,"Hide Sponsored Posts on LinkedIn: Guide",hide-sponsored-posts-on-linkedin-guide,ads,"hide sponsored posts on LinkedIn"
2026-12-19,"Hide Insightful Posts on LinkedIn Today",hide-insightful-posts-on-linkedin-today,reactions,"hide insightful posts on LinkedIn"
2026-12-20,"Hide Reposted Posts on LinkedIn: Setup",hide-reposted-posts-on-linkedin-setup,shares,"hide reposted posts on LinkedIn"
2026-12-21,"Why LinkedIn Suggests Posts 2026",why-linkedin-suggests-posts-2026,suggested,"why LinkedIn suggests posts"
2026-12-22,"LinkedIn Feed for Consultants at Work",linkedin-feed-for-consultants-at-work,persona,"LinkedIn feed for consultants"
2026-12-23,"Feed Cleaner vs Manual Cleanup at Work",feed-cleaner-vs-manual-cleanup-at-work,comparison,"feed cleaner vs manual cleanup"
2026-12-24,"LinkedIn Focus Mode Guide: Daily Tips",linkedin-focus-mode-guide-daily-tips,strategy,"LinkedIn focus mode"
2026-12-25,"Best LinkedIn Ad Blocker Work Tips",best-linkedin-ad-blocker-work-tips,ads,"best LinkedIn ad blocker"
2026-12-26,"Hide Supports This on LinkedIn: Tips",hide-supports-this-on-linkedin-tips,reactions,"hide supports this on LinkedIn"
2026-12-27,"Why LinkedIn Shows Reposts Today",why-linkedin-shows-reposts-today,shares,"why LinkedIn shows reposts"
2026-12-28,"Why LinkedIn Recommends Posts on Chrome",why-linkedin-recommends-posts-on-chrome,suggested,"why LinkedIn recommends posts"
2026-12-29,"LinkedIn Feed for Job Seekers at Work",linkedin-feed-for-job-seekers-at-work,persona,"LinkedIn feed for job seekers"
2026-12-30,"uBlock Origin for LinkedIn: Explained",ublock-origin-for-linkedin-explained,comparison,"uBlock Origin for LinkedIn"
2026-12-31,"Stop LinkedIn Distractions: Tips",stop-linkedin-distractions-tips,strategy,"stop LinkedIn distractions"
2027-01-01,"Block Promoted Posts on LinkedIn 2027",block-promoted-posts-on-linkedin-2027,ads,"block promoted posts LinkedIn"
2027-01-02,"Hide Likes This Posts on LinkedIn 2027",hide-likes-this-posts-on-linkedin-2027,reactions,"how to hide likes this posts on LinkedIn"
2027-01-03,"Why LinkedIn Shows Shared Posts 2027",why-linkedin-shows-shared-posts-2027,shares,"why LinkedIn shows shared posts"
2027-01-04,"Hide LinkedIn Recommended Content 2027",hide-linkedin-recommended-content-2027,suggested,"hide recommended content on LinkedIn"
2027-01-05,"LinkedIn Feed for HR Teams: Checklist",linkedin-feed-for-hr-teams-checklist,persona,"LinkedIn feed for HR teams"
2027-01-06,"AdBlock on LinkedIn Feed January 2027",adblock-on-linkedin-feed-january-2027,comparison,"AdBlock for LinkedIn"
2027-01-07,"What a LinkedIn Feed Cleaner Does 2027",what-a-linkedin-feed-cleaner-does-2027,strategy,"LinkedIn feed cleaner"
2027-01-08,"How to Remove LinkedIn Ads: Guide",how-to-remove-linkedin-ads-guide,ads,"remove LinkedIn ads"
2027-01-09,"Hide Liked Posts on LinkedIn Fast",hide-liked-posts-on-linkedin-fast,reactions,"hide liked posts on LinkedIn"
2027-01-10,"Hide Shared Posts on LinkedIn 2027",hide-shared-posts-on-linkedin-2027,shares,"hide shared posts on LinkedIn"
2027-01-11,"Hide Suggested Posts on LinkedIn 2027",hide-suggested-posts-on-linkedin-2027,suggested,"hide suggested posts on LinkedIn"
2027-01-12,"LinkedIn Feed for Recruiters 2027",linkedin-feed-for-recruiters-2027,persona,"LinkedIn feed for recruiters"
2027-01-13,"LinkedIn Settings vs Feed Cleaner 2027",linkedin-settings-vs-feed-cleaner-2027,comparison,"native LinkedIn settings vs feed cleaner"
2027-01-14,"LinkedIn Chrome Extension Guide 2027",linkedin-chrome-extension-guide-2027,strategy,"LinkedIn chrome extension"
2027-01-15,"How to Hide Promoted Posts on LinkedIn 2027",how-to-hide-promoted-posts-on-linkedin-2027,ads,"hide promoted posts on LinkedIn"
2027-01-16,"Hide Reacted Posts on LinkedIn 2027",hide-reacted-posts-on-linkedin-2027,reactions,"hide reacted posts on LinkedIn"
2027-01-17,"Hide Reshared Posts on LinkedIn 2027",hide-reshared-posts-on-linkedin-2027,shares,"hide reshared posts on LinkedIn"
2027-01-18,"Hide Recommended Posts on LinkedIn 2027",hide-recommended-posts-on-linkedin-2027,suggested,"hide recommended posts on LinkedIn"
2027-01-19,"LinkedIn Feed for Sales Teams 2027",linkedin-feed-for-sales-teams-2027,persona,"LinkedIn feed for sales teams"
2027-01-20,"LinkTopics vs LinkedIn Premium 2027",linktopics-vs-linkedin-premium-2027,comparison,"LinkTopics vs LinkedIn Premium"
2027-01-21,"Clean LinkedIn Feed for Focus 2027",clean-linkedin-feed-for-focus-2027,strategy,"clean LinkedIn feed"
2027-01-22,"Hide Sponsored Posts on LinkedIn 2027",hide-sponsored-posts-on-linkedin-2027,ads,"hide sponsored posts on LinkedIn"
2027-01-23,"Why LinkedIn Shows Loves This 2027",why-linkedin-shows-loves-this-2027,reactions,"why LinkedIn shows loves this posts"
2027-01-24,"Hide Reposted Posts on LinkedIn 2027",hide-reposted-posts-on-linkedin-2027,shares,"hide reposted posts on LinkedIn"
2027-01-25,"Why LinkedIn Suggests Posts 2027",why-linkedin-suggests-posts-2027,suggested,"why LinkedIn suggests posts"
2027-01-26,"LinkedIn Feed for Marketers Today",linkedin-feed-for-marketers-today,persona,"LinkedIn feed for marketers"
2027-01-27,"LinkTopics vs LinkedIn Ad Blockers 2027",linktopics-vs-linkedin-ad-blockers-2027,comparison,"LinkTopics vs LinkedIn ad blockers"
2027-01-28,"LinkedIn Feed for Productivity 2027",linkedin-feed-for-productivity-2027,strategy,"LinkedIn feed productivity"
2027-01-29,"Best LinkedIn Ad Blocker Feed Tips",best-linkedin-ad-blocker-feed-tips,ads,"best LinkedIn ad blocker"
2027-01-30,"Hide Celebrates This on LinkedIn 2027",hide-celebrates-this-on-linkedin-2027,reactions,"hide celebrates this on LinkedIn"
2027-01-31,"Why LinkedIn Shows Reposts 2027",why-linkedin-shows-reposts-2027,shares,"why LinkedIn shows reposts"
2027-02-01,"Why LinkedIn Recommends Posts 2027",why-linkedin-recommends-posts-2027,suggested,"why LinkedIn recommends posts"
2027-02-02,"LinkedIn Feed for Founders: Tips",linkedin-feed-for-founders-tips,persona,"LinkedIn feed for founders"
2027-02-03,"Feed Cleaner vs Manual Cleanup 2027",feed-cleaner-vs-manual-cleanup-2027,comparison,"feed cleaner vs manual cleanup"
2027-02-04,"LinkedIn Focus Mode Guide: Guide",linkedin-focus-mode-guide-guide,strategy,"LinkedIn focus mode"
2027-02-05,"Block Promoted Posts on LinkedIn: Guide",block-promoted-posts-on-linkedin-guide,ads,"block promoted posts LinkedIn"
2027-02-06,"Hide Insightful Posts on LinkedIn 2027",hide-insightful-posts-on-linkedin-2027,reactions,"hide insightful posts on LinkedIn"
2027-02-07,"Why LinkedIn Shows Shared Posts for Work",why-linkedin-shows-shared-posts-for-work,shares,"why LinkedIn shows shared posts"
2027-02-08,"Hide LinkedIn Recommended Content: Guide",hide-linkedin-recommended-content-guide,suggested,"hide recommended content on LinkedIn"
2027-02-09,"LinkedIn Feed for Consultants 2027",linkedin-feed-for-consultants-2027,persona,"LinkedIn feed for consultants"
2027-02-10,"uBlock Origin for LinkedIn: Checklist",ublock-origin-for-linkedin-checklist,comparison,"uBlock Origin for LinkedIn"
2027-02-11,"Stop LinkedIn Distractions: Daily Tips",stop-linkedin-distractions-daily-tips,strategy,"stop LinkedIn distractions"
2027-02-12,"How to Remove LinkedIn Ads: Explained",how-to-remove-linkedin-ads-explained,ads,"remove LinkedIn ads"
2027-02-13,"Hide Supports This on LinkedIn 2027",hide-supports-this-on-linkedin-2027,reactions,"hide supports this on LinkedIn"
2027-02-14,"Hide Shared Posts on LinkedIn at Work",hide-shared-posts-on-linkedin-at-work,shares,"hide shared posts on LinkedIn"
2027-02-15,"Hide Suggested Posts on LinkedIn: Setup",hide-suggested-posts-on-linkedin-setup,suggested,"hide suggested posts on LinkedIn"
2027-02-16,"LinkedIn Feed for Job Seekers 2027",linkedin-feed-for-job-seekers-2027,persona,"LinkedIn feed for job seekers"
2027-02-17,"AdBlock on LinkedIn Feed: Review",adblock-on-linkedin-feed-review,comparison,"AdBlock for LinkedIn"
2027-02-18,"What a LinkedIn Feed Cleaner Does: Guide",what-a-linkedin-feed-cleaner-does-guide,strategy,"LinkedIn feed cleaner"
2027-02-19,"How to Hide Promoted Posts on LinkedIn: Setup",how-to-hide-promoted-posts-on-linkedin-setup,ads,"hide promoted posts on LinkedIn"
2027-02-20,"Hide Likes This Posts on LinkedIn Today",hide-likes-this-posts-on-linkedin-today,reactions,"how to hide likes this posts on LinkedIn"
2027-02-21,"Hide Reshared Posts on LinkedIn",hide-reshared-posts-on-linkedin,shares,"hide reshared posts on LinkedIn"
2027-02-22,"Hide Recommended Posts on LinkedIn: Setup",hide-recommended-posts-on-linkedin-setup,suggested,"hide recommended posts on LinkedIn"
2027-02-23,"LinkedIn Feed for HR Teams: Tips",linkedin-feed-for-hr-teams-tips,persona,"LinkedIn feed for HR teams"
2027-02-24,"LinkedIn Settings vs Feed Cleaner: Review",linkedin-settings-vs-feed-cleaner-review,comparison,"native LinkedIn settings vs feed cleaner"
2027-02-25,"LinkedIn Chrome Extension Guide",linkedin-chrome-extension-guide,strategy,"LinkedIn chrome extension"
2027-02-26,"Hide Sponsored Posts on LinkedIn: Setup",hide-sponsored-posts-on-linkedin-setup,ads,"hide sponsored posts on LinkedIn"
2027-02-27,"Hide Liked Posts on LinkedIn 2027",hide-liked-posts-on-linkedin-2027,reactions,"hide liked posts on LinkedIn"
2027-02-28,"Hide Reposted Posts on LinkedIn",hide-reposted-posts-on-linkedin,shares,"hide reposted posts on LinkedIn"
2027-03-01,"Why LinkedIn Suggests Posts: Explained",why-linkedin-suggests-posts-explained,suggested,"why LinkedIn suggests posts"
2027-03-02,"LinkedIn Feed for Recruiters for Work",linkedin-feed-for-recruiters-for-work,persona,"LinkedIn feed for recruiters"
2027-03-03,"LinkTopics vs LinkedIn Premium Compared",linktopics-vs-linkedin-premium-compared,comparison,"LinkTopics vs LinkedIn Premium"
2027-03-04,"Clean LinkedIn Feed for Focus for Work",clean-linkedin-feed-for-focus-for-work,strategy,"clean LinkedIn feed"
2027-03-05,"Best LinkedIn Ad Blocker March 2027",best-linkedin-ad-blocker-march-2027,ads,"best LinkedIn ad blocker"
2027-03-06,"Hide Reacted Posts on LinkedIn: Guide",hide-reacted-posts-on-linkedin-guide,reactions,"hide reacted posts on LinkedIn"
2027-03-07,"Why LinkedIn Shows Reposts March 2027",why-linkedin-shows-reposts-march-2027,shares,"why LinkedIn shows reposts"
2027-03-08,"Why LinkedIn Recommends Posts Quick Fix",why-linkedin-recommends-posts-quick-fix,suggested,"why LinkedIn recommends posts"
2027-03-09,"LinkedIn Feed for Sales Teams Now",linkedin-feed-for-sales-teams-now,persona,"LinkedIn feed for sales teams"
2027-03-10,"LinkTopics vs LinkedIn Ad Blockers at Work",linktopics-vs-linkedin-ad-blockers-at-work,comparison,"LinkTopics vs LinkedIn ad blockers"
2027-03-11,"LinkedIn Feed for Productivity for Work",linkedin-feed-for-productivity-for-work,strategy,"LinkedIn feed productivity"
2027-03-12,"Block Promoted Posts on LinkedIn: Setup",block-promoted-posts-on-linkedin-setup,ads,"block promoted posts LinkedIn"
2027-03-13,"Why LinkedIn Shows Loves This for Work",why-linkedin-shows-loves-this-for-work,reactions,"why LinkedIn shows loves this posts"
2027-03-14,"Why LinkedIn Shows Shared Posts on Chrome",why-linkedin-shows-shared-posts-on-chrome,shares,"why LinkedIn shows shared posts"
2027-03-15,"Hide LinkedIn Recommended Content: Setup",hide-linkedin-recommended-content-setup,suggested,"hide recommended content on LinkedIn"
2027-03-16,"LinkedIn Feed for Marketers 2027",linkedin-feed-for-marketers-2027,persona,"LinkedIn feed for marketers"
2027-03-17,"Feed Cleaner vs Manual Cleanup Compared",feed-cleaner-vs-manual-cleanup-compared,comparison,"feed cleaner vs manual cleanup"
2027-03-18,"LinkedIn Focus Mode Guide March 2027",linkedin-focus-mode-guide-march-2027,strategy,"LinkedIn focus mode"
2027-03-19,"How to Remove LinkedIn Ads: Setup",how-to-remove-linkedin-ads-setup,ads,"remove LinkedIn ads"
2027-03-20,"Hide Celebrates This on LinkedIn: Tips",hide-celebrates-this-on-linkedin-tips,reactions,"hide celebrates this on LinkedIn"
2027-03-21,"Hide Shared Posts on LinkedIn for Work",hide-shared-posts-on-linkedin-for-work,shares,"hide shared posts on LinkedIn"
2027-03-22,"Hide Suggested Posts on LinkedIn at Work",hide-suggested-posts-on-linkedin-at-work,suggested,"hide suggested posts on LinkedIn"
2027-03-23,"LinkedIn Feed for Founders March 2027",linkedin-feed-for-founders-march-2027,persona,"LinkedIn feed for founders"
2027-03-24,"uBlock Origin for LinkedIn March 2027",ublock-origin-for-linkedin-march-2027,comparison,"uBlock Origin for LinkedIn"
2027-03-25,"Stop LinkedIn Distractions March 2027",stop-linkedin-distractions-march-2027,strategy,"stop LinkedIn distractions"
2027-03-26,"How to Hide Promoted Posts on LinkedIn at Work",how-to-hide-promoted-posts-on-linkedin-at-work,ads,"hide promoted posts on LinkedIn"
2027-03-27,"Hide Insightful Posts on LinkedIn: Tips",hide-insightful-posts-on-linkedin-tips,reactions,"hide insightful posts on LinkedIn"
2027-03-28,"Hide Reshared Posts on LinkedIn at Work",hide-reshared-posts-on-linkedin-at-work,shares,"hide reshared posts on LinkedIn"
2027-03-29,"Hide Recommended Posts on LinkedIn at Work",hide-recommended-posts-on-linkedin-at-work,suggested,"hide recommended posts on LinkedIn"
2027-03-30,"LinkedIn Feed for Consultants Now",linkedin-feed-for-consultants-now,persona,"LinkedIn feed for consultants"
2027-03-31,"AdBlock on LinkedIn Feed March 2027",adblock-on-linkedin-feed-march-2027,comparison,"AdBlock for LinkedIn"
2027-04-01,"What a LinkedIn Feed Cleaner Does at Work",what-a-linkedin-feed-cleaner-does-at-work,strategy,"LinkedIn feed cleaner"
2027-04-02,"Hide Sponsored Posts on LinkedIn at Work",hide-sponsored-posts-on-linkedin-at-work,ads,"hide sponsored posts on LinkedIn"
2027-04-03,"Hide Supports This on LinkedIn: Guide",hide-supports-this-on-linkedin-guide,reactions,"hide supports this on LinkedIn"
2027-04-04,"Hide Reposted Posts on LinkedIn at Work",hide-reposted-posts-on-linkedin-at-work,shares,"hide reposted posts on LinkedIn"
2027-04-05,"Why LinkedIn Suggests Posts April 2027",why-linkedin-suggests-posts-april-2027,suggested,"why LinkedIn suggests posts"
2027-04-06,"LinkedIn Feed for Job Seekers Now",linkedin-feed-for-job-seekers-now,persona,"LinkedIn feed for job seekers"
2027-04-07,"LinkedIn Settings vs Feed Cleaner at Work",linkedin-settings-vs-feed-cleaner-at-work,comparison,"native LinkedIn settings vs feed cleaner"
2027-04-08,"LinkedIn Chrome Extension Guide at Work",linkedin-chrome-extension-guide-at-work,strategy,"LinkedIn chrome extension"
2027-04-09,"Best LinkedIn Ad Blocker April 2027",best-linkedin-ad-blocker-april-2027,ads,"best LinkedIn ad blocker"
2027-04-10,"Hide Likes This Posts on LinkedIn: Tips",hide-likes-this-posts-on-linkedin-tips,reactions,"how to hide likes this posts on LinkedIn"
2027-04-11,"Why LinkedIn Shows Reposts April 2027",why-linkedin-shows-reposts-april-2027,shares,"why LinkedIn shows reposts"
2027-04-12,"Why LinkedIn Recommends Posts: Explained",why-linkedin-recommends-posts-explained,suggested,"why LinkedIn recommends posts"
2027-04-13,"LinkedIn Feed for HR Teams April 2027",linkedin-feed-for-hr-teams-april-2027,persona,"LinkedIn feed for HR teams"
2027-04-14,"LinkTopics vs LinkedIn Premium",linktopics-vs-linkedin-premium,comparison,"LinkTopics vs LinkedIn Premium"
2027-04-15,"Clean LinkedIn Feed for Focus: Explained",clean-linkedin-feed-for-focus-explained,strategy,"clean LinkedIn feed"
2027-04-16,"Block Promoted Posts on LinkedIn at Work",block-promoted-posts-on-linkedin-at-work,ads,"block promoted posts LinkedIn"
2027-04-17,"Hide Liked Posts on LinkedIn for Work",hide-liked-posts-on-linkedin-for-work,reactions,"hide liked posts on LinkedIn"
2027-04-18,"Why LinkedIn Shows Shared Posts Quick Fix",why-linkedin-shows-shared-posts-quick-fix,shares,"why LinkedIn shows shared posts"
2027-04-19,"Hide LinkedIn Recommended Content at Work",hide-linkedin-recommended-content-at-work,suggested,"hide recommended content on LinkedIn"
2027-04-20,"LinkedIn Feed for Recruiters: Playbook",linkedin-feed-for-recruiters-playbook,persona,"LinkedIn feed for recruiters"
2027-04-21,"LinkTopics vs LinkedIn Ad Blockers Compared",linktopics-vs-linkedin-ad-blockers-compared,comparison,"LinkTopics vs LinkedIn ad blockers"
2027-04-22,"LinkedIn Feed for Productivity",linkedin-feed-for-productivity,strategy,"LinkedIn feed productivity"
2027-04-23,"How to Remove LinkedIn Ads Less Noise",how-to-remove-linkedin-ads-less-noise,ads,"remove LinkedIn ads"
2027-04-24,"Hide Reacted Posts on LinkedIn: Setup",hide-reacted-posts-on-linkedin-setup,reactions,"hide reacted posts on LinkedIn"
2027-04-25,"Hide Shared Posts on LinkedIn on Chrome",hide-shared-posts-on-linkedin-on-chrome,shares,"hide shared posts on LinkedIn"
2027-04-26,"Hide Suggested Posts on LinkedIn for Work",hide-suggested-posts-on-linkedin-for-work,suggested,"hide suggested posts on LinkedIn"
2027-04-27,"LinkedIn Feed for Sales Teams for Work",linkedin-feed-for-sales-teams-for-work,persona,"LinkedIn feed for sales teams"
2027-04-28,"Feed Cleaner vs Manual Cleanup",feed-cleaner-vs-manual-cleanup,comparison,"feed cleaner vs manual cleanup"
2027-04-29,"LinkedIn Focus Mode Guide April 2027",linkedin-focus-mode-guide-april-2027,strategy,"LinkedIn focus mode"
2027-04-30,"How to Hide Promoted Posts on LinkedIn for Work",how-to-hide-promoted-posts-on-linkedin-for-work,ads,"hide promoted posts on LinkedIn"
2027-05-01,"Why LinkedIn Shows Loves This May 2027",why-linkedin-shows-loves-this-may-2027,reactions,"why LinkedIn shows loves this posts"
2027-05-02,"Hide Reshared Posts on LinkedIn for Work",hide-reshared-posts-on-linkedin-for-work,shares,"hide reshared posts on LinkedIn"
2027-05-03,"Hide Recommended Posts on LinkedIn for Work",hide-recommended-posts-on-linkedin-for-work,suggested,"hide recommended posts on LinkedIn"
2027-05-04,"LinkedIn Feed for Marketers May 2027",linkedin-feed-for-marketers-may-2027,persona,"LinkedIn feed for marketers"
2027-05-05,"uBlock Origin for LinkedIn May 2027",ublock-origin-for-linkedin-may-2027,comparison,"uBlock Origin for LinkedIn"
2027-05-06,"Stop LinkedIn Distractions May 2027",stop-linkedin-distractions-may-2027,strategy,"stop LinkedIn distractions"
2027-05-07,"Hide Sponsored Posts on LinkedIn for Work",hide-sponsored-posts-on-linkedin-for-work,ads,"hide sponsored posts on LinkedIn"
2027-05-08,"Hide Celebrates This on LinkedIn: Guide",hide-celebrates-this-on-linkedin-guide,reactions,"hide celebrates this on LinkedIn"
2027-05-09,"Hide Reposted Posts on LinkedIn for Work",hide-reposted-posts-on-linkedin-for-work,shares,"hide reposted posts on LinkedIn"
2027-05-10,"Why LinkedIn Suggests Posts May 2027",why-linkedin-suggests-posts-may-2027,suggested,"why LinkedIn suggests posts"
2027-05-11,"LinkedIn Feed for Founders May 2027",linkedin-feed-for-founders-may-2027,persona,"LinkedIn feed for founders"
2027-05-12,"AdBlock on LinkedIn Feed May 2027",adblock-on-linkedin-feed-may-2027,comparison,"AdBlock for LinkedIn"
2027-05-13,"What a LinkedIn Feed Cleaner Does for Work",what-a-linkedin-feed-cleaner-does-for-work,strategy,"LinkedIn feed cleaner"
2027-05-14,"Best LinkedIn Ad Blocker for Work",best-linkedin-ad-blocker-for-work,ads,"best LinkedIn ad blocker"
2027-05-15,"Hide Insightful Posts on LinkedIn: Guide",hide-insightful-posts-on-linkedin-guide,reactions,"hide insightful posts on LinkedIn"
2027-05-16,"Why LinkedIn Shows Reposts May 2027",why-linkedin-shows-reposts-may-2027,shares,"why LinkedIn shows reposts"
2027-05-17,"Why LinkedIn Recommends Posts May 2027",why-linkedin-recommends-posts-may-2027,suggested,"why LinkedIn recommends posts"
2027-05-18,"LinkedIn Feed for Consultants for Work",linkedin-feed-for-consultants-for-work,persona,"LinkedIn feed for consultants"
2027-05-19,"LinkedIn Settings vs Feed Cleaner Compared",linkedin-settings-vs-feed-cleaner-compared,comparison,"native LinkedIn settings vs feed cleaner"
2027-05-20,"LinkedIn Chrome Extension Guide for Work",linkedin-chrome-extension-guide-for-work,strategy,"LinkedIn chrome extension"
2027-05-21,"Block Promoted Posts on LinkedIn for Work",block-promoted-posts-on-linkedin-for-work,ads,"block promoted posts LinkedIn"
2027-05-22,"Hide Supports This on LinkedIn: Setup",hide-supports-this-on-linkedin-setup,reactions,"hide supports this on LinkedIn"
2027-05-23,"Why LinkedIn Shows Shared Posts May 2027",why-linkedin-shows-shared-posts-may-2027,shares,"why LinkedIn shows shared posts"
2027-05-24,"Hide LinkedIn Recommended Content for Work",hide-linkedin-recommended-content-for-work,suggested,"hide recommended content on LinkedIn"
2027-05-25,"LinkedIn Feed for Job Seekers for Work",linkedin-feed-for-job-seekers-for-work,persona,"LinkedIn feed for job seekers"
2027-05-26,"LinkTopics vs LinkedIn Premium May 2027",linktopics-vs-linkedin-premium-may-2027,comparison,"LinkTopics vs LinkedIn Premium"
2027-05-27,"Clean LinkedIn Feed for Focus May 2027",clean-linkedin-feed-for-focus-may-2027,strategy,"clean LinkedIn feed"
2027-05-28,"How to Remove LinkedIn Ads May 2027",how-to-remove-linkedin-ads-may-2027,ads,"remove LinkedIn ads"
2027-05-29,"Hide Likes This Posts on LinkedIn: Guide",hide-likes-this-posts-on-linkedin-guide,reactions,"how to hide likes this posts on LinkedIn"
2027-05-30,"Hide Shared Posts on LinkedIn May 2027",hide-shared-posts-on-linkedin-may-2027,shares,"hide shared posts on LinkedIn"
2027-05-31,"Hide Suggested Posts on LinkedIn May 2027",hide-suggested-posts-on-linkedin-may-2027,suggested,"hide suggested posts on LinkedIn"
2027-06-01,"LinkedIn Feed for HR Teams June 2027",linkedin-feed-for-hr-teams-june-2027,persona,"LinkedIn feed for HR teams"
2027-06-02,"LinkTopics vs LinkedIn Ad Blockers on Chrome",linktopics-vs-linkedin-ad-blockers-on-chrome,comparison,"LinkTopics vs LinkedIn ad blockers"
2027-06-03,"LinkedIn Feed for Productivity June 2027",linkedin-feed-for-productivity-june-2027,strategy,"LinkedIn feed productivity"
2027-06-04,"How to Hide Promoted Posts on LinkedIn Ad Guide",how-to-hide-promoted-posts-on-linkedin-ad-guide,ads,"hide promoted posts on LinkedIn"
2027-06-05,"Hide Liked Posts on LinkedIn Now",hide-liked-posts-on-linkedin-now,reactions,"hide liked posts on LinkedIn"
2027-06-06,"Hide Reshared Posts on LinkedIn on Chrome",hide-reshared-posts-on-linkedin-on-chrome,shares,"hide reshared posts on LinkedIn"
2027-06-07,"Hide Recommended Posts on LinkedIn on Chrome",hide-recommended-posts-on-linkedin-on-chrome,suggested,"hide recommended posts on LinkedIn"
2027-06-08,"LinkedIn Feed for Recruiters Now",linkedin-feed-for-recruiters-now,persona,"LinkedIn feed for recruiters"
2027-06-09,"Feed Cleaner vs Manual Cleanup on Chrome",feed-cleaner-vs-manual-cleanup-on-chrome,comparison,"feed cleaner vs manual cleanup"
2027-06-10,"LinkedIn Focus Mode Guide June 2027",linkedin-focus-mode-guide-june-2027,strategy,"LinkedIn focus mode"
2027-06-11,"Hide Sponsored Posts on LinkedIn Ad Guide",hide-sponsored-posts-on-linkedin-ad-guide,ads,"hide sponsored posts on LinkedIn"
2027-06-12,"Hide Reacted Posts on LinkedIn at Work",hide-reacted-posts-on-linkedin-at-work,reactions,"hide reacted posts on LinkedIn"
2027-06-13,"Hide Reposted Posts on LinkedIn on Chrome",hide-reposted-posts-on-linkedin-on-chrome,shares,"hide reposted posts on LinkedIn"
2027-06-14,"Why LinkedIn Suggests Posts June 2027",why-linkedin-suggests-posts-june-2027,suggested,"why LinkedIn suggests posts"
2027-06-15,"LinkedIn Feed for Sales Teams: Playbook",linkedin-feed-for-sales-teams-playbook,persona,"LinkedIn feed for sales teams"
2027-06-16,"uBlock Origin for LinkedIn June 2027",ublock-origin-for-linkedin-june-2027,comparison,"uBlock Origin for LinkedIn"
2027-06-17,"Stop LinkedIn Distractions June 2027",stop-linkedin-distractions-june-2027,strategy,"stop LinkedIn distractions"
2027-06-18,"Best LinkedIn Ad Blocker June 2027",best-linkedin-ad-blocker-june-2027,ads,"best LinkedIn ad blocker"
2027-06-19,"Why LinkedIn Shows Loves This on Chrome",why-linkedin-shows-loves-this-on-chrome,reactions,"why LinkedIn shows loves this posts"
2027-06-20,"Why LinkedIn Shows Reposts June 2027",why-linkedin-shows-reposts-june-2027,shares,"why LinkedIn shows reposts"
2027-06-21,"Why LinkedIn Recommends Posts June 2027",why-linkedin-recommends-posts-june-2027,suggested,"why LinkedIn recommends posts"
2027-06-22,"LinkedIn Feed for Marketers June 2027",linkedin-feed-for-marketers-june-2027,persona,"LinkedIn feed for marketers"
2027-06-23,"AdBlock on LinkedIn Feed June 2027",adblock-on-linkedin-feed-june-2027,comparison,"AdBlock for LinkedIn"
2027-06-24,"What a LinkedIn Feed Cleaner Does June 2027",what-a-linkedin-feed-cleaner-does-june-2027,strategy,"LinkedIn feed cleaner"
2027-06-25,"Block Promoted Posts on LinkedIn Ad Guide",block-promoted-posts-on-linkedin-ad-guide,ads,"block promoted posts LinkedIn"
2027-06-26,"Hide Celebrates This on LinkedIn: Setup",hide-celebrates-this-on-linkedin-setup,reactions,"hide celebrates this on LinkedIn"
2027-06-27,"Why LinkedIn Shows Shared Posts June 2027",why-linkedin-shows-shared-posts-june-2027,shares,"why LinkedIn shows shared posts"
2027-06-28,"Hide LinkedIn Recommended Content on Chrome",hide-linkedin-recommended-content-on-chrome,suggested,"hide recommended content on LinkedIn"
2027-06-29,"LinkedIn Feed for Founders June 2027",linkedin-feed-for-founders-june-2027,persona,"LinkedIn feed for founders"
2027-06-30,"LinkedIn Settings vs Feed Cleaner on Chrome",linkedin-settings-vs-feed-cleaner-on-chrome,comparison,"native LinkedIn settings vs feed cleaner"
2027-07-01,"LinkedIn Chrome Extension Guide July 2027",linkedin-chrome-extension-guide-july-2027,strategy,"LinkedIn chrome extension"
2027-07-02,"How to Remove LinkedIn Ads July 2027",how-to-remove-linkedin-ads-july-2027,ads,"remove LinkedIn ads"
2027-07-03,"Hide Insightful Posts on LinkedIn: Setup",hide-insightful-posts-on-linkedin-setup,reactions,"hide insightful posts on LinkedIn"
2027-07-04,"Hide Shared Posts on LinkedIn Quick Fix",hide-shared-posts-on-linkedin-quick-fix,shares,"hide shared posts on LinkedIn"
2027-07-05,"Hide Suggested Posts on LinkedIn on Chrome",hide-suggested-posts-on-linkedin-on-chrome,suggested,"hide suggested posts on LinkedIn"
2027-07-06,"LinkedIn Feed for Consultants: Playbook",linkedin-feed-for-consultants-playbook,persona,"LinkedIn feed for consultants"
2027-07-07,"LinkTopics vs LinkedIn Premium on Chrome",linktopics-vs-linkedin-premium-on-chrome,comparison,"LinkTopics vs LinkedIn Premium"
2027-07-08,"Clean LinkedIn Feed for Focus July 2027",clean-linkedin-feed-for-focus-july-2027,strategy,"clean LinkedIn feed"
2027-07-09,"How to Hide Promoted Posts on LinkedIn on Chrome",how-to-hide-promoted-posts-on-linkedin-on-chrome,ads,"hide promoted posts on LinkedIn"
2027-07-10,"Hide Supports This on LinkedIn at Work",hide-supports-this-on-linkedin-at-work,reactions,"hide supports this on LinkedIn"
2027-07-11,"Hide Reshared Posts on LinkedIn Quick Fix",hide-reshared-posts-on-linkedin-quick-fix,shares,"hide reshared posts on LinkedIn"
2027-07-12,"Hide Recommended Posts on LinkedIn Quick Fix",hide-recommended-posts-on-linkedin-quick-fix,suggested,"hide recommended posts on LinkedIn"
2027-07-13,"LinkedIn Feed for Job Seekers: Playbook",linkedin-feed-for-job-seekers-playbook,persona,"LinkedIn feed for job seekers"
2027-07-14,"LinkTopics vs LinkedIn Ad Blockers July 2027",linktopics-vs-linkedin-ad-blockers-july-2027,comparison,"LinkTopics vs LinkedIn ad blockers"
2027-07-15,"LinkedIn Feed for Productivity July 2027",linkedin-feed-for-productivity-july-2027,strategy,"LinkedIn feed productivity"
2027-07-16,"Hide Sponsored Posts on LinkedIn on Chrome",hide-sponsored-posts-on-linkedin-on-chrome,ads,"hide sponsored posts on LinkedIn"
2027-07-17,"Hide Likes This Posts on LinkedIn: Setup",hide-likes-this-posts-on-linkedin-setup,reactions,"how to hide likes this posts on LinkedIn"
2027-07-18,"Hide Reposted Posts on LinkedIn Quick Fix",hide-reposted-posts-on-linkedin-quick-fix,shares,"hide reposted posts on LinkedIn"
2027-07-19,"Why LinkedIn Suggests Posts July 2027",why-linkedin-suggests-posts-july-2027,suggested,"why LinkedIn suggests posts"
2027-07-20,"LinkedIn Feed for HR Teams July 2027",linkedin-feed-for-hr-teams-july-2027,persona,"LinkedIn feed for HR teams"
2027-07-21,"Feed Cleaner vs Manual Cleanup July 2027",feed-cleaner-vs-manual-cleanup-july-2027,comparison,"feed cleaner vs manual cleanup"
2027-07-22,"LinkedIn Focus Mode Guide July 2027",linkedin-focus-mode-guide-july-2027,strategy,"LinkedIn focus mode"
2027-07-23,"Best LinkedIn Ad Blocker July 2027",best-linkedin-ad-blocker-july-2027,ads,"best LinkedIn ad blocker"
2027-07-24,"Hide Liked Posts on LinkedIn on Chrome",hide-liked-posts-on-linkedin-on-chrome,reactions,"hide liked posts on LinkedIn"
2027-07-25,"Why LinkedIn Shows Reposts July 2027",why-linkedin-shows-reposts-july-2027,shares,"why LinkedIn shows reposts"
2027-07-26,"Why LinkedIn Recommends Posts July 2027",why-linkedin-recommends-posts-july-2027,suggested,"why LinkedIn recommends posts"
2027-07-27,"LinkedIn Feed for Recruiters July 2027",linkedin-feed-for-recruiters-july-2027,persona,"LinkedIn feed for recruiters"
2027-07-28,"uBlock Origin for LinkedIn July 2027",ublock-origin-for-linkedin-july-2027,comparison,"uBlock Origin for LinkedIn"
2027-07-29,"Stop LinkedIn Distractions July 2027",stop-linkedin-distractions-july-2027,strategy,"stop LinkedIn distractions"
2027-07-30,"Block Promoted Posts on LinkedIn on Chrome",block-promoted-posts-on-linkedin-on-chrome,ads,"block promoted posts LinkedIn"
2027-07-31,"Hide Reacted Posts on LinkedIn for Work",hide-reacted-posts-on-linkedin-for-work,reactions,"hide reacted posts on LinkedIn"
2027-08-01,"Why LinkedIn Shows Shared Posts: Explained",why-linkedin-shows-shared-posts-explained,shares,"why LinkedIn shows shared posts"
2027-08-02,"Hide LinkedIn Recommended Content Quick Fix",hide-linkedin-recommended-content-quick-fix,suggested,"hide recommended content on LinkedIn"
2027-08-03,"LinkedIn Feed for Sales Teams: Checklist",linkedin-feed-for-sales-teams-checklist,persona,"LinkedIn feed for sales teams"
2027-08-04,"AdBlock on LinkedIn Feed August 2027",adblock-on-linkedin-feed-august-2027,comparison,"AdBlock for LinkedIn"
2027-08-05,"What a LinkedIn Feed Cleaner Does: Explained",what-a-linkedin-feed-cleaner-does-explained,strategy,"LinkedIn feed cleaner"
2027-08-06,"How to Remove LinkedIn Ads Quick Tips",how-to-remove-linkedin-ads-quick-tips,ads,"remove LinkedIn ads"
2027-08-07,"Why LinkedIn Shows Loves This Quick Fix",why-linkedin-shows-loves-this-quick-fix,reactions,"why LinkedIn shows loves this posts"
2027-08-08,"Hide Shared Posts on LinkedIn: Explained",hide-shared-posts-on-linkedin-explained,shares,"hide shared posts on LinkedIn"
2027-08-09,"Hide Suggested Posts on LinkedIn Quick Fix",hide-suggested-posts-on-linkedin-quick-fix,suggested,"hide suggested posts on LinkedIn"
2027-08-10,"LinkedIn Feed for Marketers: Checklist",linkedin-feed-for-marketers-checklist,persona,"LinkedIn feed for marketers"
2027-08-11,"LinkedIn Settings vs Feed Cleaner: Explained",linkedin-settings-vs-feed-cleaner-explained,comparison,"native LinkedIn settings vs feed cleaner"
2027-08-12,"LinkedIn Chrome Extension Guide: Explained",linkedin-chrome-extension-guide-explained,strategy,"LinkedIn chrome extension"
2027-08-13,"How to Hide Promoted Posts on LinkedIn Quick Fix",how-to-hide-promoted-posts-on-linkedin-quick-fix,ads,"hide promoted posts on LinkedIn"
2027-08-14,"Hide Celebrates This on LinkedIn at Work",hide-celebrates-this-on-linkedin-at-work,reactions,"hide celebrates this on LinkedIn"
2027-08-15,"Hide Reshared Posts on LinkedIn: Explained",hide-reshared-posts-on-linkedin-explained,shares,"hide reshared posts on LinkedIn"
2027-08-16,"Hide Recommended Posts on LinkedIn: Explained",hide-recommended-posts-on-linkedin-explained,suggested,"hide recommended posts on LinkedIn"
2027-08-17,"LinkedIn Feed for Founders: Daily Tips",linkedin-feed-for-founders-daily-tips,persona,"LinkedIn feed for founders"
2027-08-18,"LinkTopics vs LinkedIn Premium: Explained",linktopics-vs-linkedin-premium-explained,comparison,"LinkTopics vs LinkedIn Premium"
2027-08-19,"Clean LinkedIn Feed for Focus: Checklist",clean-linkedin-feed-for-focus-checklist,strategy,"clean LinkedIn feed"
2027-08-20,"Hide Sponsored Posts on LinkedIn Quick Fix",hide-sponsored-posts-on-linkedin-quick-fix,ads,"hide sponsored posts on LinkedIn"
2027-08-21,"Hide Insightful Posts on LinkedIn at Work",hide-insightful-posts-on-linkedin-at-work,reactions,"hide insightful posts on LinkedIn"
2027-08-22,"Hide Reposted Posts on LinkedIn: Explained",hide-reposted-posts-on-linkedin-explained,shares,"hide reposted posts on LinkedIn"
2027-08-23,"Why LinkedIn Suggests Posts Now",why-linkedin-suggests-posts-now,suggested,"why LinkedIn suggests posts"
2027-08-24,"LinkedIn Feed for Consultants: Checklist",linkedin-feed-for-consultants-checklist,persona,"LinkedIn feed for consultants"
2027-08-25,"LinkTopics vs LinkedIn Ad Blockers: Explained",linktopics-vs-linkedin-ad-blockers-explained,comparison,"LinkTopics vs LinkedIn ad blockers"
2027-08-26,"LinkedIn Feed for Productivity: Explained",linkedin-feed-for-productivity-explained,strategy,"LinkedIn feed productivity"
2027-08-27,"Best LinkedIn Ad Blocker August 2027",best-linkedin-ad-blocker-august-2027,ads,"best LinkedIn ad blocker"
2027-08-28,"Hide Supports This on LinkedIn for Work",hide-supports-this-on-linkedin-for-work,reactions,"hide supports this on LinkedIn"
2027-08-29,"Why LinkedIn Shows Reposts August 2027",why-linkedin-shows-reposts-august-2027,shares,"why LinkedIn shows reposts"
2027-08-30,"Why LinkedIn Recommends Posts",why-linkedin-recommends-posts,suggested,"why LinkedIn recommends posts"
2027-08-31,"LinkedIn Feed for Job Seekers: Checklist",linkedin-feed-for-job-seekers-checklist,persona,"LinkedIn feed for job seekers"
2027-09-01,"Feed Cleaner vs Manual Cleanup: Explained",feed-cleaner-vs-manual-cleanup-explained,comparison,"feed cleaner vs manual cleanup"
2027-09-02,"LinkedIn Focus Mode Guide: Quick Guide",linkedin-focus-mode-guide-quick-guide,strategy,"LinkedIn focus mode"
2027-09-03,"Block Promoted Posts on LinkedIn Quick Fix",block-promoted-posts-on-linkedin-quick-fix,ads,"block promoted posts LinkedIn"
2027-09-04,"Hide Likes This Posts on LinkedIn at Work",hide-likes-this-posts-on-linkedin-at-work,reactions,"how to hide likes this posts on LinkedIn"
2027-09-05,"Why LinkedIn Shows Shared Posts: Quick Guide",why-linkedin-shows-shared-posts-quick-guide,shares,"why LinkedIn shows shared posts"
2027-09-06,"Hide LinkedIn Recommended Content: Explained",hide-linkedin-recommended-content-explained,suggested,"hide recommended content on LinkedIn"
2027-09-07,"LinkedIn Feed for HR Teams: Daily Tips",linkedin-feed-for-hr-teams-daily-tips,persona,"LinkedIn feed for HR teams"
2027-09-08,"uBlock Origin for LinkedIn Today",ublock-origin-for-linkedin-today,comparison,"uBlock Origin for LinkedIn"
2027-09-09,"Stop LinkedIn Distractions Today",stop-linkedin-distractions-today,strategy,"stop LinkedIn distractions"
2027-09-10,"How to Remove LinkedIn Ads Work Guide",how-to-remove-linkedin-ads-work-guide,ads,"remove LinkedIn ads"
2027-09-11,"Hide Liked Posts on LinkedIn Quick Fix",hide-liked-posts-on-linkedin-quick-fix,reactions,"hide liked posts on LinkedIn"
2027-09-12,"Hide Shared Posts on LinkedIn",hide-shared-posts-on-linkedin,shares,"hide shared posts on LinkedIn"
2027-09-13,"Hide Suggested Posts on LinkedIn: Explained",hide-suggested-posts-on-linkedin-explained,suggested,"hide suggested posts on LinkedIn"
2027-09-14,"LinkedIn Feed for Recruiters: Checklist",linkedin-feed-for-recruiters-checklist,persona,"LinkedIn feed for recruiters"
2027-09-15,"AdBlock on LinkedIn Feed: Side by Side",adblock-on-linkedin-feed-side-by-side,comparison,"AdBlock for LinkedIn"
2027-09-16,"What a LinkedIn Feed Cleaner Does: Checklist",what-a-linkedin-feed-cleaner-does-checklist,strategy,"LinkedIn feed cleaner"
2027-09-17,"How to Hide Promoted Posts on LinkedIn Work Tips",how-to-hide-promoted-posts-on-linkedin-work-tips,ads,"hide promoted posts on LinkedIn"
2027-09-18,"Hide Reacted Posts on LinkedIn",hide-reacted-posts-on-linkedin,reactions,"hide reacted posts on LinkedIn"
2027-09-19,"Hide Reshared Posts on LinkedIn: Quick Guide",hide-reshared-posts-on-linkedin-quick-guide,shares,"hide reshared posts on LinkedIn"
2027-09-20,"Hide Recommended Posts on LinkedIn: Quick Guide",hide-recommended-posts-on-linkedin-quick-guide,suggested,"hide recommended posts on LinkedIn"
2027-09-21,"LinkedIn Feed for Sales Teams",linkedin-feed-for-sales-teams,persona,"LinkedIn feed for sales teams"
2027-09-22,"LinkedIn Settings vs Feed Cleaner: Checklist",linkedin-settings-vs-feed-cleaner-checklist,comparison,"native LinkedIn settings vs feed cleaner"
2027-09-23,"LinkedIn Chrome Extension Guide: Checklist",linkedin-chrome-extension-guide-checklist,strategy,"LinkedIn chrome extension"
2027-09-24,"Hide Sponsored Posts on LinkedIn Work Tips",hide-sponsored-posts-on-linkedin-work-tips,ads,"hide sponsored posts on LinkedIn"
2027-09-25,"Why LinkedIn Shows Loves This: Explained",why-linkedin-shows-loves-this-explained,reactions,"why LinkedIn shows loves this posts"
2027-09-26,"Hide Reposted Posts on LinkedIn: Quick Guide",hide-reposted-posts-on-linkedin-quick-guide,shares,"hide reposted posts on LinkedIn"
2027-09-27,"Why LinkedIn Suggests Posts: Quick Guide",why-linkedin-suggests-posts-quick-guide,suggested,"why LinkedIn suggests posts"
2027-09-28,"LinkedIn Feed for Marketers: Daily Tips",linkedin-feed-for-marketers-daily-tips,persona,"LinkedIn feed for marketers"
2027-09-29,"LinkTopics vs LinkedIn Premium: Checklist",linktopics-vs-linkedin-premium-checklist,comparison,"LinkTopics vs LinkedIn Premium"
2027-09-30,"Clean LinkedIn Feed for Focus",clean-linkedin-feed-for-focus,strategy,"clean LinkedIn feed"
2027-10-01,"Best LinkedIn Ad Blocker: Quick Guide",best-linkedin-ad-blocker-quick-guide,ads,"best LinkedIn ad blocker"
2027-10-02,"Hide Celebrates This on LinkedIn for Work",hide-celebrates-this-on-linkedin-for-work,reactions,"hide celebrates this on LinkedIn"
2027-10-03,"Why LinkedIn Shows Reposts: Quick Guide",why-linkedin-shows-reposts-quick-guide,shares,"why LinkedIn shows reposts"
2027-10-04,"Why LinkedIn Recommends Posts: Quick Guide",why-linkedin-recommends-posts-quick-guide,suggested,"why LinkedIn recommends posts"
2027-10-05,"LinkedIn Feed for Founders Today",linkedin-feed-for-founders-today,persona,"LinkedIn feed for founders"
2027-10-06,"LinkTopics vs LinkedIn Ad Blockers: Checklist",linktopics-vs-linkedin-ad-blockers-checklist,comparison,"LinkTopics vs LinkedIn ad blockers"
2027-10-07,"LinkedIn Feed for Productivity: Checklist",linkedin-feed-for-productivity-checklist,strategy,"LinkedIn feed productivity"
2027-10-08,"Block Promoted Posts on LinkedIn Work Tips",block-promoted-posts-on-linkedin-work-tips,ads,"block promoted posts LinkedIn"
2027-10-09,"Hide Insightful Posts on LinkedIn for Work",hide-insightful-posts-on-linkedin-for-work,reactions,"hide insightful posts on LinkedIn"
2027-10-10,"Why LinkedIn Shows Shared Posts October 2027",why-linkedin-shows-shared-posts-october-2027,shares,"why LinkedIn shows shared posts"
2027-10-11,"Hide LinkedIn Recommended Content: Quick Guide",hide-linkedin-recommended-content-quick-guide,suggested,"hide recommended content on LinkedIn"
2027-10-12,"LinkedIn Feed for Consultants",linkedin-feed-for-consultants,persona,"LinkedIn feed for consultants"
2027-10-13,"Feed Cleaner vs Manual Cleanup: Checklist",feed-cleaner-vs-manual-cleanup-checklist,comparison,"feed cleaner vs manual cleanup"
2027-10-14,"LinkedIn Focus Mode Guide: Focus Guide",linkedin-focus-mode-guide-focus-guide,strategy,"LinkedIn focus mode"
2027-10-15,"How to Remove LinkedIn Ads Today",how-to-remove-linkedin-ads-today,ads,"remove LinkedIn ads"
2027-10-16,"Hide Supports This on LinkedIn",hide-supports-this-on-linkedin,reactions,"hide supports this on LinkedIn"
2027-10-17,"Hide Shared Posts on LinkedIn: Quick Guide",hide-shared-posts-on-linkedin-quick-guide,shares,"hide shared posts on LinkedIn"
2027-10-18,"Hide Suggested Posts on LinkedIn: Quick Guide",hide-suggested-posts-on-linkedin-quick-guide,suggested,"hide suggested posts on LinkedIn"
2027-10-19,"LinkedIn Feed for Job Seekers",linkedin-feed-for-job-seekers,persona,"LinkedIn feed for job seekers"
2027-10-20,"uBlock Origin for LinkedIn 2027",ublock-origin-for-linkedin-2027,comparison,"uBlock Origin for LinkedIn"
2027-10-21,"Stop LinkedIn Distractions 2027",stop-linkedin-distractions-2027,strategy,"stop LinkedIn distractions"
2027-10-22,"How to Hide Promoted Posts on LinkedIn Feed Tips",how-to-hide-promoted-posts-on-linkedin-feed-tips,ads,"hide promoted posts on LinkedIn"
2027-10-23,"Hide Likes This Posts on LinkedIn for Work",hide-likes-this-posts-on-linkedin-for-work,reactions,"how to hide likes this posts on LinkedIn"
2027-10-24,"Hide Reshared Posts on LinkedIn October 2027",hide-reshared-posts-on-linkedin-october-2027,shares,"hide reshared posts on LinkedIn"
2027-10-25,"Hide Recommended Posts on LinkedIn October 2027",hide-recommended-posts-on-linkedin-october-2027,suggested,"hide recommended posts on LinkedIn"
2027-10-26,"LinkedIn Feed for HR Teams Today",linkedin-feed-for-hr-teams-today,persona,"LinkedIn feed for HR teams"
2027-10-27,"AdBlock on LinkedIn Feed October 2027",adblock-on-linkedin-feed-october-2027,comparison,"AdBlock for LinkedIn"
2027-10-28,"What a LinkedIn Feed Cleaner Does: Daily Tips",what-a-linkedin-feed-cleaner-does-daily-tips,strategy,"LinkedIn feed cleaner"
2027-10-29,"Hide Sponsored Posts on LinkedIn Feed Tips",hide-sponsored-posts-on-linkedin-feed-tips,ads,"hide sponsored posts on LinkedIn"
2027-10-30,"Hide Liked Posts on LinkedIn: Explained",hide-liked-posts-on-linkedin-explained,reactions,"hide liked posts on LinkedIn"
2027-10-31,"Hide Reposted Posts on LinkedIn October 2027",hide-reposted-posts-on-linkedin-october-2027,shares,"hide reposted posts on LinkedIn"
2027-11-01,"Why LinkedIn Suggests Posts",why-linkedin-suggests-posts,suggested,"why LinkedIn suggests posts"
2027-11-02,"LinkedIn Feed for Recruiters: Daily Tips",linkedin-feed-for-recruiters-daily-tips,persona,"LinkedIn feed for recruiters"
2027-11-03,"LinkedIn Settings vs Feed Cleaner: Quick Guide",linkedin-settings-vs-feed-cleaner-quick-guide,comparison,"native LinkedIn settings vs feed cleaner"
2027-11-04,"LinkedIn Chrome Extension Guide: Daily Tips",linkedin-chrome-extension-guide-daily-tips,strategy,"LinkedIn chrome extension"
2027-11-05,"Best LinkedIn Ad Blocker Ad Guide",best-linkedin-ad-blocker-ad-guide,ads,"best LinkedIn ad blocker"
2027-11-06,"Hide Reacted Posts on LinkedIn on Chrome",hide-reacted-posts-on-linkedin-on-chrome,reactions,"hide reacted posts on LinkedIn"
2027-11-07,"Why LinkedIn Shows Reposts Now",why-linkedin-shows-reposts-now,shares,"why LinkedIn shows reposts"
2027-11-08,"Why LinkedIn Recommends Posts November 2027",why-linkedin-recommends-posts-november-2027,suggested,"why LinkedIn recommends posts"
2027-11-09,"LinkedIn Feed for Sales Teams: Daily Tips",linkedin-feed-for-sales-teams-daily-tips,persona,"LinkedIn feed for sales teams"
2027-11-10,"LinkTopics vs LinkedIn Premium: Quick Guide",linktopics-vs-linkedin-premium-quick-guide,comparison,"LinkTopics vs LinkedIn Premium"
2027-11-11,"Clean LinkedIn Feed for Focus: Daily Tips",clean-linkedin-feed-for-focus-daily-tips,strategy,"clean LinkedIn feed"
2027-11-12,"Block Promoted Posts on LinkedIn Feed Tips",block-promoted-posts-on-linkedin-feed-tips,ads,"block promoted posts LinkedIn"
2027-11-13,"Why LinkedIn Shows Loves This",why-linkedin-shows-loves-this,reactions,"why LinkedIn shows loves this posts"
2027-11-14,"Why LinkedIn Shows Shared Posts November 2027",why-linkedin-shows-shared-posts-november-2027,shares,"why LinkedIn shows shared posts"
2027-11-15,"Hide LinkedIn Recommended Content: Chrome Guide",hide-linkedin-recommended-content-chrome-guide,suggested,"hide recommended content on LinkedIn"
2027-11-16,"LinkedIn Feed for Marketers Now",linkedin-feed-for-marketers-now,persona,"LinkedIn feed for marketers"
2027-11-17,"LinkTopics vs LinkedIn Ad Blockers: Quick Guide",linktopics-vs-linkedin-ad-blockers-quick-guide,comparison,"LinkTopics vs LinkedIn ad blockers"
2027-11-18,"LinkedIn Feed for Productivity: Daily Tips",linkedin-feed-for-productivity-daily-tips,strategy,"LinkedIn feed productivity"
2027-11-19,"How to Remove LinkedIn Ads: Tips",how-to-remove-linkedin-ads-tips,ads,"remove LinkedIn ads"
2027-11-20,"Hide Celebrates This on LinkedIn on Chrome",hide-celebrates-this-on-linkedin-on-chrome,reactions,"hide celebrates this on LinkedIn"
2027-11-21,"Hide Shared Posts on LinkedIn: Chrome Guide",hide-shared-posts-on-linkedin-chrome-guide,shares,"hide shared posts on LinkedIn"
2027-11-22,"Hide Suggested Posts on LinkedIn: Chrome Guide",hide-suggested-posts-on-linkedin-chrome-guide,suggested,"hide suggested posts on LinkedIn"
2027-11-23,"LinkedIn Feed for Founders 2027",linkedin-feed-for-founders-2027,persona,"LinkedIn feed for founders"
2027-11-24,"Feed Cleaner vs Manual Cleanup: Quick Guide",feed-cleaner-vs-manual-cleanup-quick-guide,comparison,"feed cleaner vs manual cleanup"
2027-11-25,"LinkedIn Focus Mode Guide: Tips",linkedin-focus-mode-guide-tips,strategy,"LinkedIn focus mode"
2027-11-26,"How to Hide Promoted Posts on LinkedIn: Explained",how-to-hide-promoted-posts-on-linkedin-explained,ads,"hide promoted posts on LinkedIn"
2027-11-27,"Hide Insightful Posts on LinkedIn on Chrome",hide-insightful-posts-on-linkedin-on-chrome,reactions,"hide insightful posts on LinkedIn"
2027-11-28,"Hide Reshared Posts on LinkedIn: Chrome Guide",hide-reshared-posts-on-linkedin-chrome-guide,shares,"hide reshared posts on LinkedIn"
2027-11-29,"Hide Recommended Posts on LinkedIn: Chrome Guide",hide-recommended-posts-on-linkedin-chrome-guide,suggested,"hide recommended posts on LinkedIn"
2027-11-30,"LinkedIn Feed for Consultants: Daily Tips",linkedin-feed-for-consultants-daily-tips,persona,"LinkedIn feed for consultants"
2027-12-01,"uBlock Origin for LinkedIn: Quick Guide",ublock-origin-for-linkedin-quick-guide,comparison,"uBlock Origin for LinkedIn"
2027-12-02,"Stop LinkedIn Distractions: Quick Guide",stop-linkedin-distractions-quick-guide,strategy,"stop LinkedIn distractions"
2027-12-03,"Hide Sponsored Posts on LinkedIn: Explained",hide-sponsored-posts-on-linkedin-explained,ads,"hide sponsored posts on LinkedIn"
2027-12-04,"Hide Supports This on LinkedIn on Chrome",hide-supports-this-on-linkedin-on-chrome,reactions,"hide supports this on LinkedIn"
2027-12-05,"Hide Reposted Posts on LinkedIn: Chrome Guide",hide-reposted-posts-on-linkedin-chrome-guide,shares,"hide reposted posts on LinkedIn"
2027-12-06,"Why LinkedIn Suggests Posts December 2027",why-linkedin-suggests-posts-december-2027,suggested,"why LinkedIn suggests posts"
2027-12-07,"LinkedIn Feed for Job Seekers: Daily Tips",linkedin-feed-for-job-seekers-daily-tips,persona,"LinkedIn feed for job seekers"
2027-12-08,"AdBlock on LinkedIn Feed at Work",adblock-on-linkedin-feed-at-work,comparison,"AdBlock for LinkedIn"
2027-12-09,"What a LinkedIn Feed Cleaner Does: Quick Guide",what-a-linkedin-feed-cleaner-does-quick-guide,strategy,"LinkedIn feed cleaner"
2027-12-10,"Best LinkedIn Ad Blocker: Chrome Guide",best-linkedin-ad-blocker-chrome-guide,ads,"best LinkedIn ad blocker"
2027-12-11,"Hide Likes This Posts on LinkedIn on Chrome",hide-likes-this-posts-on-linkedin-on-chrome,reactions,"how to hide likes this posts on LinkedIn"
2027-12-12,"Why LinkedIn Shows Reposts December 2027",why-linkedin-shows-reposts-december-2027,shares,"why LinkedIn shows reposts"
2027-12-13,"Why LinkedIn Recommends Posts December 2027",why-linkedin-recommends-posts-december-2027,suggested,"why LinkedIn recommends posts"
2027-12-14,"LinkedIn Feed for HR Teams 2027",linkedin-feed-for-hr-teams-2027,persona,"LinkedIn feed for HR teams"
2027-12-15,"LinkedIn Settings vs Feed Cleaner: Side by Side",linkedin-settings-vs-feed-cleaner-side-by-side,comparison,"native LinkedIn settings vs feed cleaner"
2027-12-16,"LinkedIn Chrome Extension Guide: Quick Guide",linkedin-chrome-extension-guide-quick-guide,strategy,"LinkedIn chrome extension"
2027-12-17,"Block Promoted Posts on LinkedIn: Explained",block-promoted-posts-on-linkedin-explained,ads,"block promoted posts LinkedIn"
2027-12-18,"Hide Liked Posts on LinkedIn",hide-liked-posts-on-linkedin,reactions,"hide liked posts on LinkedIn"
2027-12-19,"Why LinkedIn Shows Shared Posts December 2027",why-linkedin-shows-shared-posts-december-2027,shares,"why LinkedIn shows shared posts"
2027-12-20,"Hide LinkedIn Recommended Content December 2027",hide-linkedin-recommended-content-december-2027,suggested,"hide recommended content on LinkedIn"
2027-12-21,"LinkedIn Feed for Recruiters",linkedin-feed-for-recruiters,persona,"LinkedIn feed for recruiters"
2027-12-22,"LinkTopics vs LinkedIn Premium: Side by Side",linktopics-vs-linkedin-premium-side-by-side,comparison,"LinkTopics vs LinkedIn Premium"
2027-12-23,"Clean LinkedIn Feed for Focus: Quick Guide",clean-linkedin-feed-for-focus-quick-guide,strategy,"clean LinkedIn feed"
2027-12-24,"How to Remove LinkedIn Ads Fast",how-to-remove-linkedin-ads-fast,ads,"remove LinkedIn ads"
2027-12-25,"Hide Reacted Posts on LinkedIn Quick Fix",hide-reacted-posts-on-linkedin-quick-fix,reactions,"hide reacted posts on LinkedIn"
2027-12-26,"Hide Shared Posts on LinkedIn December 2027",hide-shared-posts-on-linkedin-december-2027,shares,"hide shared posts on LinkedIn"
2027-12-27,"Hide Suggested Posts on LinkedIn December 2027",hide-suggested-posts-on-linkedin-december-2027,suggested,"hide suggested posts on LinkedIn"
2027-12-28,"LinkedIn Feed for Sales Teams: Quick Guide",linkedin-feed-for-sales-teams-quick-guide,persona,"LinkedIn feed for sales teams"
2027-12-29,"LinkTopics vs LinkedIn Ad Blockers: Side by Side",linktopics-vs-linkedin-ad-blockers-side-by-side,comparison,"LinkTopics vs LinkedIn ad blockers"
2027-12-30,"LinkedIn Feed for Productivity: Quick Guide",linkedin-feed-for-productivity-quick-guide,strategy,"LinkedIn feed productivity"
2027-12-31,"How to Hide Promoted Posts on LinkedIn Less Noise",how-to-hide-promoted-posts-on-linkedin-less-noise,ads,"hide promoted posts on LinkedIn"
